{
    "check": 1.756326082181477,
    "oov": 4.822827426623675,
    "pass": 1.756326082181477,
    "user": 1.5946615548483818,
    "unknown": 1.756326082181477,
    "0": 1.5946615548483818,
    "authentication": 1.8007778447523106,
    "failure": 1.8007778447523106,
    "logname": 1.8007778447523106,
    "uid": 1.8007778447523106,
    "euid": 1.8007778447523106,
    "tty": 1.8007778447523106,
    "ruser": 1.8007778447523106,
    "rhost": 1.8007778447523106,
    "session": 3.487826359891335,
    "cyrus": 3.867315981596239,
    "news": 4.6131068956416055
}